date;Mexico;US;Germany
2020-01-22;0;1;0
2020-01-23;0;1;0
2020-01-24;0;2;0
2020-01-25;0;2;0
2020-01-26;0;5;0
2020-01-27;0;5;1
2020-01-28;0;5;4
2020-01-29;0;6;4
2020-01-30;0;6;4
2020-01-31;0;8;5
2020-02-01;0;8;8
2020-02-02;0;8;10
2020-02-03;0;11;12
2020-02-04;0;11;12
2020-02-05;0;11;12
2020-02-06;0;12;12
2020-02-07;0;12;13
2020-02-08;0;12;13
2020-02-09;0;12;14
2020-02-10;0;12;14
2020-02-11;0;13;16
2020-02-12;0;13;16
2020-02-13;0;14;16
2020-02-14;0;14;16
2020-02-15;0;14;16
2020-02-16;0;14;16
2020-02-17;0;14;16
2020-02-18;0;14;16
2020-02-19;0;14;16
2020-02-20;0;14;16
2020-02-21;0;16;16
2020-02-22;0;16;16
2020-02-23;0;16;16
2020-02-24;0;16;16
2020-02-25;0;16;16
2020-02-26;0;16;21
2020-02-27;0;17;26
2020-02-28;1;17;53
2020-02-29;4;25;66
2020-03-01;5;32;117
2020-03-02;5;55;150
2020-03-03;5;74;188
2020-03-04;5;107;240
2020-03-05;5;184;349
2020-03-06;6;237;534
2020-03-07;6;403;684
2020-03-08;7;519;847
2020-03-09;7;594;1112
2020-03-10;7;782;1296
2020-03-11;8;1147;1567
2020-03-12;12;1586;2369
2020-03-13;26;2219;3062
2020-03-14;41;2978;3795
2020-03-15;53;3212;4838
2020-03-16;82;4679;6012
2020-03-17;93;6512;7156
2020-03-18;118;9169;8198
2020-03-19;164;13663;10999
2020-03-20;203;20030;13957
2020-03-21;251;26025;16662
2020-03-22;316;34944;18610
2020-03-23;367;46096;22672
2020-03-24;405;56714;27436
2020-03-25;475;68841;31554
2020-03-26;585;86662;36508
2020-03-27;717;105253;42288
2020-03-28;848;127417;48582
2020-03-29;993;143544;52547
2020-03-30;1094;165698;57298
2020-03-31;1215;192079;61913
2020-04-01;1378;223254;67366
2020-04-02;1510;255530;73522
2020-04-03;1688;287931;79696
2020-04-04;1890;319776;85778
2020-04-05;2143;349016;91714
2020-04-06;2439;380798;95391
2020-04-07;2785;410834;99225
2020-04-08;3181;441897;103228
2020-04-09;3441;477507;108202
2020-04-10;3844;511790;113525
2020-04-11;4219;540714;117658
2020-04-12;4661;567022;120479
2020-04-13;5014;594165;123016
2020-04-14;5399;622493;125098
2020-04-15;5847;648390;127584
2020-04-16;6297;678028;130450
2020-04-17;6875;711135;133830
2020-04-18;7497;738464;137439
2020-04-19;8261;763886;139897
2020-04-20;8772;793970;141672
2020-04-21;9501;820045;143457
2020-04-22;10544;849926;145694
2020-04-23;11633;881891;148046
2020-04-24;12872;913856;150383
2020-04-25;13842;944770;152438
2020-04-26;14677;970741;154175
2020-04-27;15529;995391;155193
2020-04-28;16752;1019964;156337
2020-04-29;17799;1046816;157641
2020-04-30;19224;1076518;159119
2020-05-01;20739;1111410;160758
2020-05-02;22088;1138174;161703
2020-05-03;23471;1161907;162496
2020-05-04;24905;1185709;163175
2020-05-05;26025;1209728;163860
2020-05-06;27634;1234210;164807
2020-05-07;29616;1261949;166091
2020-05-08;31522;1289132;167300
2020-05-09;33460;1313586;168551
2020-05-10;35022;1332333;169218
2020-05-11;36327;1351410;169575
2020-05-12;38324;1374792;170508
2020-05-13;40186;1394807;171306
2020-05-14;42595;1420697;172239
2020-05-15;45032;1445548;173152
2020-05-16;47144;1469598;173772
2020-05-17;49219;1488327;174355
2020-05-18;51633;1510635;174697
2020-05-19;54346;1531138;175210
2020-05-20;56594;1553964;176007
2020-05-21;59567;1579116;176752
2020-05-22;62527;1602945;177212
2020-05-23;65856;1623134;177850
2020-05-24;68620;1643308;178281
2020-05-25;71105;1662402;178570
2020-05-26;74560;1681128;179002
2020-05-27;78023;1699891;179364
2020-05-28;81400;1721158;179717
2020-05-29;84627;1746240;180458
2020-05-30;87512;1769320;181196
2020-05-31;90664;1788239;181482
2020-06-01;93435;1806079;181815
2020-06-02;97326;1826169;182028
2020-06-03;101238;1845325;182370
2020-06-04;105680;1873259;182764
2020-06-05;110026;1899699;183271
2020-06-06;113619;1919968;183678
2020-06-07;117103;1937794;183979
2020-06-08;120102;1954694;184193
2020-06-09;124301;1975015;184543
2020-06-10;129184;1996733;184861
2020-06-11;133974;2019011;185416
2020-06-12;139196;2044569;185674
2020-06-13;142690;2068726;186022
2020-06-14;146837;2087627;186269
2020-06-15;150264;2108626;186461
2020-06-16;154863;2133175;186839
2020-06-17;159793;2160225;187184
2020-06-18;165455;2188452;187764
2020-06-19;170485;2219506;188534
2020-06-20;175202;2251332;189135
2020-06-21;180545;2277168;189822
2020-06-22;185122;2306969;190359
2020-06-23;191410;2345698;190862
2020-06-24;196847;2381949;191449
2020-06-25;202951;2421248;192079
2020-06-26;208392;2470294;192556
2020-06-27;212802;2511048;193243
2020-06-28;216852;2553973;193499
2020-06-29;220657;2595268;193761
2020-06-30;226089;2645092;194259
2020-07-01;231770;2694215;194725
2020-07-02;238511;2749158;195228
2020-07-03;245251;2800662;195674
2020-07-04;252165;2846608;196096
2020-07-05;256848;2900336;196335
2020-07-06;261750;2943501;196554
2020-07-07;268008;3000732;196944
2020-07-08;275003;3061038;197341
2020-07-09;282283;3120694;197783
2020-07-10;289174;3189553;198178
2020-07-11;295268;3249992;198556
2020-07-12;299750;3310124;198804
2020-07-13;304435;3369488;198963
2020-07-14;311486;3435150;199375
2020-07-15;317635;3501176;199726
2020-07-16;324041;3571990;200260
2020-07-17;331298;3638462;200843
2020-07-18;338913;3702784;201372
2020-07-19;344224;3761716;201574
2020-07-20;349396;3822379;201823
2020-07-21;356255;3890573;202345
2020-07-22;362274;3958118;202799
2020-07-23;370712;4026004;203368
2020-07-24;378285;4101151;204183
2020-07-25;385036;4165351;204964
2020-07-26;390516;4221190;205269
2020-07-27;395489;4280914;205609
2020-07-28;402697;4345744;206242
2020-07-29;408449;4409872;206926
2020-07-30;416179;4479113;207828
2020-07-31;424637;4543689;208698
2020-08-01;434193;4601267;209653
2020-08-02;439046;4648376;209893
2020-08-03;443813;4690060;210402
2020-08-04;449961;4751717;211281
2020-08-05;456100;4806065;212022
2020-08-06;462690;4866245;213067
2020-08-07;469407;4926832;214214
2020-08-08;475902;4990765;215336
2020-08-09;480278;5045032;215891
2020-08-10;485836;5096649;216327
2020-08-11;492522;5153604;217293
2020-08-12;498380;5208848;218519
2020-08-13;505751;5260504;219964
2020-08-14;511369;5330629;221413
2020-08-15;517714;5383024;222828
2020-08-16;522162;5417686;223453
2020-08-17;525733;5455535;224014
2020-08-18;531239;5500437;225404
2020-08-19;537031;5546321;226914
2020-08-20;543806;5591449;228621
2020-08-21;549734;5639040;230048
2020-08-22;556216;5684713;232082
2020-08-23;560164;5716624;232864
2020-08-24;563705;5750547;233575
2020-08-25;568621;5793220;234853
2020-08-26;573888;5835293;236429
2020-08-27;579914;5885811;237936
2020-08-28;585738;5932281;239507
2020-08-29;591712;5975384;240986
2020-08-30;595841;6009515;241771
2020-08-31;599560;6042877;242381
2020-09-01;606036;6084855;243599
2020-09-02;610957;6124816;244855
2020-09-03;616894;6169957;246166
2020-09-04;623090;6218291;247619
2020-09-05;629409;6261914;248997
2020-09-06;634023;6291033;249985
2020-09-07;637509;6315596;250799
2020-09-08;642860;6342340;252298
2020-09-09;647321;6375978;253474
2020-09-10;652364;6415426;255366
2020-09-11;658299;6460049;256850
2020-09-12;663973;6505632;258480
2020-09-13;668381;6545923;259428
2020-09-14;671716;6578487;260355
2020-09-15;676487;6615665;261762
2020-09-16;680931;6653957;263663
2020-09-17;684113;6699276;265857
2020-09-18;688954;6749460;267773
2020-09-19;694121;6795238;270070
2020-09-20;697663;6836848;271415
2020-09-21;700580;6868891;272337
2020-09-22;705263;6907162;274158
2020-09-23;710049;6948282;275927
2020-09-24;715457;6997165;278070
2020-09-25;720858;7044301;280223
2020-09-26;726431;7087848;282730
2020-09-27;730317;7121627;284140
2020-09-28;733717;7159367;285332
2020-09-29;738163;7201400;287421
2020-09-30;743216;7240031;289219
2020-10-01;748315;7286275;291722
2020-10-02;753090;7339718;294395
2020-10-03;757953;7388999;296958
2020-10-04;761665;7422130;299237
2020-10-05;789780;7459487;300619
2020-10-06;794608;7504032;303258
2020-10-07;799188;7553169;306086
2020-10-08;804488;7611059;310144
2020-10-09;810020;7666138;314660
2020-10-10;814328;7721504;319381
2020-10-11;817503;7768404;322864
2020-10-12;821045;7810484;325331
2020-10-13;825340;7860607;329453
2020-10-14;829396;7919049;334585
2020-10-15;834910;7982586;341223
2020-10-16;841661;8052760;348557
2020-10-17;847108;8107592;356387
2020-10-18;851227;8159762;361974
2020-10-19;854926;8227644;366299
2020-10-20;860714;8289381;373167
2020-10-21;867559;8350087;380762
2020-10-22;874171;8429709;392049
2020-10-23;880775;8511369;403291
2020-10-24;886800;8589744;418005
2020-10-25;891160;8650719;429181
2020-10-26;895326;8715283;437866
2020-10-27;901268;8792506;449275
2020-10-28;906863;8878983;464239
2020-10-29;912811;8970276;481013
2020-10-30;918811;9070125;499694
2020-10-31;924962;9157468;518753
2020-11-01;929392;9235298;532930
2020-11-02;933155;9317105;545027
2020-11-03;938405;9441871;560379
2020-11-04;943630;9542133;577593
2020-11-05;949197;9670214;597583
2020-11-06;955128;9797270;619089
2020-11-07;961938;9924334;642488
2020-11-08;967825;10044007;658505
2020-11-09;972785;10160963;671868
2020-11-10;978531;10297515;687200
2020-11-11;986177;10445197;705687
2020-11-12;991835;10603993;727553
2020-11-13;997393;10783511;751095
2020-11-14;1003253;10947561;773556
2020-11-15;1006522;11087276;790503
2020-11-16;1009396;11240364;801327
2020-11-17;1011153;11405011;815746
2020-11-18;1015071;11576980;833307
2020-11-19;1019543;11769281;855916
2020-11-20;1025969;11970950;879564
2020-11-21;1032688;12150770;902528
2020-11-22;1041875;12297357;918269
2020-11-23;1049358;12478869;929133
2020-11-24;1060152;12652431;942687
2020-11-25;1070487;12832643;961320
2020-11-26;1078594;12949894;983588
2020-11-27;1090675;13164528;1006394
2020-11-28;1101403;13332752;1028089
2020-11-29;1107071;13473104;1042700
2020-11-30;1113543;13628018;1053869
2020-12-01;1122362;13825134;1067473
2020-12-02;1133613;14021297;1084743
2020-12-03;1144643;14241519;1106789
2020-12-04;1156770;14476889;1130238
2020-12-05;1168395;14698899;1153556
2020-12-06;1175850;14878223;1171323
2020-12-07;1182249;15073683;1183655
2020-12-08;1193255;15300740;1197709
2020-12-09;1205229;15516747;1218524
2020-12-10;1217126;15753691;1242203
2020-12-11;1229379;15992593;1272078
2020-12-12;1241436;16217128;1300516
2020-12-13;1250044;16408725;1320716
2020-12-14;1255974;16618553;1337078
2020-12-15;1267202;16844868;1351510
2020-12-16;1277499;17079672;1379238
2020-12-17;1289298;17319918;1406161
2020-12-18;1301546;17567864;1439938
2020-12-19;1313675;17773715;1471238
2020-12-20;1320545;17960910;1494009
2020-12-21;1325915;18157768;1510652
2020-12-22;1338426;18363698;1530180
2020-12-23;1350079;18585139;1554920
2020-12-24;1362564;18798087;1587115
2020-12-25;1372243;18925265;1612648
2020-12-26;1377217;19142705;1627103
2020-12-27;1383434;19278666;1640858
2020-12-28;1389430;19451968;1651834
2020-12-29;1401529;19657940;1664726
2020-12-30;1413935;19876237;1687185
2020-12-31;1426094;20191325;1719737
2021-01-01;1437185;20370227;1742661
2021-01-02;1443544;20642506;1755351
2021-01-03;1448755;20845907;1765666
2021-01-04;1455219;21031409;1775513
2021-01-05;1466490;21264272;1787410
2021-01-06;1479835;21524033;1808647
2021-01-07;1493569;21810277;1835038
2021-01-08;1507931;22114343;1866887
2021-01-09;1524036;22379081;1891581
2021-01-10;1534039;22589924;1908527
2021-01-11;1541633;22793888;1921024
2021-01-12;1556028;23015701;1933826
2021-01-13;1571901;23245031;1953426
2021-01-14;1588369;23480609;1978590
2021-01-15;1609735;23725607;2000958
2021-01-16;1630258;23943296;2019636
2021-01-17;1641428;24119850;2033518
2021-01-18;1649502;24260678;2040659
2021-01-19;1668396;24417573;2052028
2021-01-20;1688944;24604955;2068002
2021-01-21;1711283;24797508;2088400
2021-01-22;1732290;24989283;2106262
2021-01-23;1752347;25167458;2122679
2021-01-24;1763219;25307602;2134936
2021-01-25;1771740;25437202;2141665
2021-01-26;1788905;25588210;2148077
2021-01-27;1806849;25743666;2161275
2021-01-28;1825519;25910426;2178828
2021-01-29;1841893;26074169;2192850
2021-01-30;1857230;26225109;2205171
2021-01-31;1864260;26337967;2216363
2021-02-01;1869708;26463281;2221971
2021-02-02;1874092;26580311;2228085
2021-02-03;1886245;26704683;2237790
2021-02-04;1886245;26829712;2252001
2021-02-05;1912871;26960823;2264909
2021-02-06;1926080;27077683;2275394
2021-02-07;1932145;27167112;2284010
2021-02-08;1936013;27249911;2288545
2021-02-09;1946751;27345292;2291924
2021-02-10;1957889;27440575;2299996
2021-02-11;1968566;27547347;2310233
2021-02-12;1978954;27647927;2320093
2021-02-13;1988695;27738685;2328447
2021-02-14;1992794;27806993;2334561
2021-02-15;1995892;27862441;2338987
2021-02-16;2004575;27921663;2342843
2021-02-17;2013563;27990508;2350399
2021-02-18;2022662;28063088;2360606
2021-02-19;2030491;28138246;2369719
2021-02-20;2038276;28212029;2378883
2021-02-21;2041380;28267294;2386559
2021-02-22;2043632;28322777;2390928
2021-02-23;2052266;28396637;2394811
2021-02-24;2060908;28471662;2402818
2021-02-25;2069370;28548941;2414687
2021-02-26;2076882;28624361;2424684
2021-02-27;2084128;28695650;2434446
2021-02-28;2086938;28747414;2442336
2021-03-01;2089281;28797854;2447068
2021-03-02;2097194;28856272;2451011
2021-03-03;2104987;28923323;2460030
2021-03-04;2112508;28992266;2471942
2021-03-05;2119305;29060145;2482522
2021-03-06;2125866;29121176;2492079
2021-03-07;2128600;29162787;2500182
2021-03-08;2130477;29206879;2505193
2021-03-09;2137884;29262382;2509445
2021-03-10;2144486;29320154;2518591
2021-03-11;2150955;29381944;2532947
2021-03-12;2157771;29444547;2545781
2021-03-13;2163875;29501367;2558455
2021-03-14;2166290;29540641;2569245
2021-03-15;2167729;29591674;2575849
2021-03-16;2169007;29645741;2581329
2021-03-17;2175462;29705015;2594764
2021-03-18;2182188;29767405;2612268
2021-03-19;2187910;29829037;2629750
2021-03-20;2193639;29887904;2645783
2021-03-21;2195772;29923282;2659516
2021-03-22;2197160;29970706;2667225
2021-03-23;2203041;30023564;2674710
2021-03-24;2208755;30111321;2690523
2021-03-25;2214542;30178948;2713180
2021-03-26;2219845;30255319;2734753
2021-03-27;2224904;30319374;2755225
2021-03-28;2226550;30365694;2772401
2021-03-29;2227843;30431566;2782273
2021-03-30;2232910;30493256;2791822
2021-03-31;2238887;30562786;2808873
2021-04-01;2244268;30639642;2833173
2021-04-02;2247357;30713666;2855061
2021-04-03;2249195;30778546;2873190
2021-04-04;2250458;30816469;2885386
2021-04-05;2251705;30883556;2893883
2021-04-06;2256509;30946382;2900768
2021-04-07;2261879;31022159;2910445
2021-04-08;2267019;31102225;2930852
2021-04-09;2272064;31186978;2956316
2021-04-10;2278420;31257513;2980413
2021-04-11;2280213;31304969;2998268
2021-04-12;2281840;31367152;3011513
2021-04-13;2286352;31447993;3022323
2021-04-14;2291246;31523597;3044016
2021-04-15;2295435;31597579;3073442
2021-04-16;2299939;31681052;3099273
2021-04-17;2304096;31736539;3123077
2021-04-18;2305602;31780368;3142262
2021-04-19;2306910;31838914;3153699
2021-04-20;2311172;31901354;3163308
2021-04-21;2315811;31965700;3188192
2021-04-22;2319519;32032419;3217710
2021-04-23;2323430;32095314;3245253
2021-04-24;2326738;32150286;3268645
2021-04-25;2328391;32185055;3287418
2021-04-26;2329534;32227342;3299325
2021-04-27;2333126;32279624;3310301
2021-04-28;2336944;32334810;3332532
2021-04-29;2340934;32393636;3357268
2021-04-30;2344755;32451738;3381597
2021-05-01;2347780;32500514;3400532
2021-05-02;2348873;32531070;3416822
2021-05-03;2349900;32575692;3425982
2021-05-04;2352964;32618587;3433516
2021-05-05;2355985;32664630;3451550
2021-05-06;2358831;32710809;3473503
2021-05-07;2361874;32759224;3491988
2021-05-08;2364617;32794879;3507673
2021-05-09;2365792;32817749;3520329
2021-05-10;2366496;32850125;3527251
2021-05-11;2368393;32885603;3533376
2021-05-12;2371483;32921754;3548285
2021-05-13;2375115;32960490;3565704
2021-05-14;2377995;33002707;3577040
2021-05-15;2380690;33033464;3584934
2021-05-16;2381923;33051156;3593434
2021-05-17;2382745;33076399;3598846
2021-05-18;2385512;33105314;3603055
2021-05-19;2387512;33134919;3614095
2021-05-20;2390140;33165136;3626393
2021-05-21;2392744;33193961;3635162
2021-05-22;2395330;33215174;3642244
2021-05-23;2396604;33228958;3648958
2021-05-24;2397307;33250830;3651640
2021-05-25;2399790;33275420;3653551
2021-05-26;2402722;33300016;3656177
2021-05-27;2405772;33326857;3662490
2021-05-28;2408778;33349099;3669870
2021-05-29;2411503;33362410;3675296
2021-05-30;2412810;33369764;3679148
2021-05-31;2413742;33376039;3681126
2021-06-01;2420659;33396892;3682911
2021-06-02;2423928;33413605;3687828
2021-06-03;2426822;33432001;3692468
2021-06-04;2429631;33449866;3695633
2021-06-05;2431702;33465470;3697927
2021-06-06;2433681;33471486;3700367
2021-06-07;2434562;33485556;3701484
2021-06-08;2438011;33498595;3702688
2021-06-09;2441866;33517160;3705942
2021-06-10;2445538;33531941;3709129
2021-06-11;2448820;33557092;3711569
2021-06-12;2452469;33566252;3713480
2021-06-13;2454176;33571522;3714969
2021-06-14;2455351;33583308;3715518
2021-06-15;2459601;33594037;3716170
2021-06-16;2463390;33605945;3717625
2021-06-17;2467643;33617708;3718955
2021-06-18;2471741;33638890;3720031
2021-06-19;2471741;33647942;3721139
2021-06-20;2477283;33652898;3721981
2021-06-21;2478551;33663452;3722327
2021-06-22;2482784;33674248;3722782
2021-06-23;2487747;33686913;3723798
2021-06-24;2493087;33701389;3724806
2021-06-25;2498357;33725992;3725580
2021-06-26;2503408;33735361;3726172
2021-06-27;2505792;33739983;3726710
2021-06-28;2507453;33753566;3726929
2021-06-29;2513164;33761043;3727333
2021-06-30;2519269;33776394;3728141
2021-07-01;2525350;33791514;3729033
2021-07-02;2531192;33821271;3729682
2021-07-03;2537457;33826685;3730353
2021-07-04;2540068;33830970;3730912
2021-07-05;2541873;33839872;3731124
2021-07-06;2549862;33862154;3731564
2021-07-07;2558369;33882330;3732549
2021-07-08;2567821;33903195;3733519
2021-07-09;2577140;33950787;3734468
2021-07-10;2586721;33960906;3735420
2021-07-11;2590500;33972653;3736165
2021-07-12;2593574;34002076;3736489
2021-07-13;2604711;34028607;3737135
2021-07-14;2616827;34059732;3738683
2021-07-15;2629648;34091693;3740325
2021-07-16;2642068;34169802;3741781
2021-07-17;2654699;34183904;3743389
2021-07-18;2659137;34204233;3744681
2021-07-19;2664444;34253076;3745227
2021-07-20;2678297;34292802;3746410
2021-07-21;2693495;34340538;3748613
2021-07-22;2709739;34397064;3750503
2021-07-23;2709739;34517866;3752592
2021-07-24;2741983;34546610;3754511
2021-07-25;2748518;34574582;3755898
2021-07-26;2754438;34653954;3756856
2021-07-27;2771846;34718957;3758401
2021-07-28;2790874;34792533;3761169
2021-07-29;2810097;34865078;3764311
2021-07-30;2829443;35056523;3766765
2021-07-31;2848252;35100414;3769165
2021-08-01;2854992;35144983;3771262
2021-08-02;2861498;35253343;3772109
2021-08-03;2880409;35351097;3773875
2021-08-04;2901094;35453543;3777446
2021-08-05;2922663;35563230;3780985
2021-08-06;2944226;35815126;3784433
2021-08-07;2964244;35878132;3787639
2021-08-08;2971817;35913008;3790766
2021-08-09;2978330;36072795;3791949
2021-08-10;2997885;36190596;3794429
2021-08-11;3020596;36345048;3799425
2021-08-12;3045571;36489134;3805063
2021-08-13;3068329;36715940;3810641
2021-08-14;3091971;36789007;3816285
2021-08-15;3091971;36835795;3821013
2021-08-16;3108438;37030150;3823139
2021-08-17;3123252;37180741;3827051
2021-08-18;3152205;37348343;3835375
2021-08-19;3175374;37503564;3843775
2021-08-20;3197108;37742638;3853055
2021-08-21;3217415;37834834;3861147
2021-08-22;3225073;37879037;3868197
2021-08-23;3231616;38087262;3871865
2021-08-24;3249878;38241722;3877612
2021-08-25;3271128;38420704;3889173
2021-08-26;3291761;38604475;3901799
2021-08-27;3311317;38843147;3913828
2021-08-28;3328863;38922036;3924131
2021-08-29;3335700;38974047;3932547
2021-08-30;3341264;39203261;3937106
2021-08-31;3352410;39383222;3942856
2021-09-01;3369747;39573739;3956387
2021-09-02;3387885;39752874;3970102
2021-09-03;3405294;39988318;3984353
2021-09-04;3420880;40074226;3995188
2021-09-05;3428384;40137731;4005641
2021-09-06;3433511;40231470;4010390
2021-09-07;3449295;40440640;4017116
2021-09-08;3465171;40617567;4030681
2021-09-09;3479999;40783985;4046112
2021-09-10;3479999;41025994;4059081
2021-09-11;3506743;41115125;4070295
2021-09-12;3511882;41163477;4077640
2021-09-13;3516043;41374256;4083151
2021-09-14;3528972;41519660;4089476
2021-09-15;3542189;41692913;4101931
2021-09-16;3549229;41851690;4114856
2021-09-17;3552983;42062552;4125878
2021-09-18;3552983;42137525;4134779
2021-09-19;3569677;42182396;4142116
2021-09-20;3573044;42354198;4145852
2021-09-21;3585565;42475936;4150516
2021-09-22;3597168;42607288;4160970
2021-09-23;3608976;42736457;4171666
2021-09-24;3619115;42911223;4181393
2021-09-25;3619115;42971718;4188604
2021-09-26;3632800;43026035;4196378
2021-09-27;3635807;43181981;4199400
2021-09-28;3645599;43294733;4203571
2021-09-29;3655395;43416122;4215351
2021-09-30;3664223;43526508;4227501
2021-10-01;3671611;43681338;4237619
2021-10-02;3678980;43729543;4246136
2021-10-03;3678980;43774321;4252300
2021-10-04;3684242;43917236;4255388
2021-10-05;3684242;44012469;4260187
2021-10-06;3691924;44124642;4271734
2021-10-07;3707234;44226168;4283378
2021-10-08;3714392;44357583;4293807
2021-10-09;3714392;44396410;4302661
2021-10-10;3723235;44436080;4310273
2021-10-11;3725242;44532144;4313384
2021-10-12;3732429;44642750;4318355
2021-10-13;3738749;44751214;4330258
2021-10-14;3744574;44838161;4342640
2021-10-15;3749860;44947641;4354158
2021-10-16;3755063;44987425;4365107
2021-10-17;3757056;45019082;4373789
2021-10-18;3758469;45118033;4377845
2021-10-19;3762689;45199950;4384616
2021-10-20;3767758;45291570;4401631
2021-10-21;3772556;45369652;4417708
2021-10-22;3777209;45465604;4437280
2021-10-23;3781661;45498024;4452425
2021-10-24;3781661;45517194;4466157
2021-10-25;3784448;45629766;4472730
2021-10-26;3784448;45696423;4483203
2021-10-27;3788986;45798986;4506415
2021-10-28;3798286;45874082;4534452
2021-10-29;3802287;45969188;4559120
2021-10-30;3805765;46003483;4580663
2021-10-31;3807211;46035809;4597550
2021-11-01;3807211;46149063;4607208
2021-11-02;3808205;46217811;4618021
2021-11-03;3811793;46303405;4638419
2021-11-04;3814453;46384843;4672368
2021-11-05;3818216;46481701;4709488
2021-11-06;3825404;46516562;4743490
2021-11-07;3826786;46553390;4767033
2021-11-08;3826786;46664140;4782546
2021-11-09;3831259;46742499;4804378
2021-11-10;3831259;46837569;4844054
2021-11-11;3838308;46895213;4894250
2021-11-12;3838308;47038724;4942890
2021-11-13;3841661;47082676;4987971
2021-11-14;3844791;47114588;5021469
2021-11-15;3845733;47248624;5045076
2021-11-16;3846508;47335895;5077124
2021-11-17;3851079;47448742;5129950
2021-11-18;3854994;47558569;5195321
2021-11-19;3854994;47685444;5248291
2021-11-20;3858831;47730805;5312215
2021-11-21;3862137;47770637;5354942
2021-11-22;3864278;47915253;5385585
2021-11-23;3864278;48006598;5430911
2021-11-24;3867976;48118178;5497795
2021-11-25;3876391;48157497;5573756
2021-11-26;3879836;48210918;5650170
2021-11-27;3879836;48237457;5717295
2021-11-28;3882792;48280606;5761696
2021-11-29;3884566;48466899;5791060
2021-11-30;3884566;48584004;5836813
2021-12-01;3891218;48721118;5903999
2021-12-02;3891218;48859969;5977208
2021-12-03;3897452;49018581;6051560
2021-12-04;3897452;49084922;6116070
2021-12-05;3901263;49140106;6158125
2021-12-06;3902015;49317792;6185961
2021-12-07;3902015;49431052;6222020
2021-12-08;3905319;49580964;6291621
2021-12-09;3911714;49705495;6362232
2021-12-10;3911714;49863705;6423520
2021-12-11;3914706;49920293;6477217
2021-12-12;3917361;49972602;6509863
2021-12-13;3918216;50158088;6531606
2021-12-14;3918987;50270909;6562429
2021-12-15;3924638;50416755;6613730
2021-12-16;3927265;50558486;6670407
2021-12-17;3927265;50751140;6721375
2021-12-18;3930015;50830900;6764188
2021-12-19;3932545;50920099;6793536
2021-12-20;3934102;51160140;6809622
2021-12-21;3934102;51339553;6833050
2021-12-22;3937082;51583295;6878709
2021-12-23;3940401;51853055;6923636
2021-12-24;3947284;52101575;6959067
2021-12-25;3950200;52188230;6981281
2021-12-26;3950200;52366617;6991381
2021-12-27;3951003;52867185;7005289
2021-12-28;3951946;53229218;7026369
2021-12-29;3956372;53731325;7066412
2021-12-30;3961662;54322023;7109182
2021-12-31;3979723;54835643;7150422
2022-01-01;3988916;55024406;7176814
2022-01-02;3990587;55310363;7189329
2022-01-03;3993464;56355318;7207847
2022-01-04;4008648;57167536;7238408
2022-01-05;4029274;57830141;7297320
2022-01-06;4055095;58665163;7361660
2022-01-07;4083118;59534923;7417995
2022-01-08;4113789;59932617;7473884
2022-01-09;4125388;60417642;7510436
2022-01-10;4125388;61801540;7535691
2022-01-11;4170066;62588935;7581381
2022-01-12;4214253;63437572;7661811
2022-01-13;4257776;64298917;7743228
2022-01-14;4257776;65178977;7835451
2022-01-15;4349182;65587291;7913473
2022-01-16;4368314;66067093;7965977
2022-01-17;4385415;66742225;8000122
2022-01-18;4385415;67871738;8074527
2022-01-19;4495310;68779865;8186850
2022-01-20;4495310;69512462;8320386
2022-01-21;4595589;70353550;8460546
2022-01-22;4595589;70656050;8596007
2022-01-23;4667829;71021496;8681447
2022-01-24;4685767;71943648;8744840
2022-01-25;4730669;72436733;8871795
2022-01-26;4730669;73060791;9035795
2022-01-27;4779296;73567049;9238931
2022-01-28;4873561;74181123;9429079
2022-01-29;4916143;74359742;9618245
2022-01-30;4930069;74557703;9737215
2022-01-31;4942590;75099943;9815533
2022-02-01;4985689;75425352;9978146
2022-02-02;4985689;75754890;10186644
2022-02-03;5027870;76029693;10422764
2022-02-04;5106048;76384662;10671602
2022-02-05;5141291;76471091;10889417
2022-02-06;5151525;76554567;11022590
2022-02-07;5160767;76901004;11117857
2022-02-08;5167110;77115372;11287428
2022-02-09;5192008;77303778;11521678
2022-02-10;5192008;77475187;11769540
2022-02-11;5226269;77684502;12009712
2022-02-12;5283852;77736367;12219501
2022-02-13;5283852;77794688;12344661
2022-02-14;5292706;77964868;12421126
2022-02-15;5300537;78076038;12580343
2022-02-16;5344840;78190855;12800315
2022-02-17;5366405;78292544;13035941
2022-02-18;5366405;78437714;13255989
2022-02-19;5407711;78469121;13445094
2022-02-20;5413425;78492125;13563126
2022-02-21;5413425;78575012;13636993
2022-02-22;5418257;78664344;13762895
2022-02-23;5455237;78749480;13971947
2022-02-24;5473489;78816551;14188269
2022-02-25;5489127;78890923;14399012
2022-02-26;5502586;78938335;14574845
2022-02-27;5506105;78956555;14682758
2022-02-28;5508629;79055469;14745107
2022-03-01;5521744;79102176;14867218
2022-03-02;5521744;79155578;15053624
2022-03-03;5534086;79204186;15264297
2022-03-04;5544644;79255446;15481890
2022-03-05;5554392;79270366;15674100
2022-03-06;5564985;79282761;15790989
2022-03-07;5566669;79346841;15869417
2022-03-08;5575608;79376595;16026216
2022-03-09;5583993;79414294;16242070
2022-03-10;5591871;79460871;16504822
2022-03-11;5591871;79510580;16757658
2022-03-12;5605636;79520798;16994744
2022-03-13;5606827;79531848;17141351
2022-03-14;5607845;79567232;17233729
2022-03-15;5607845;79591607;17432617
2022-03-16;5613870;79637736;17695210
2022-03-17;5624954;79690908;17990141
2022-03-18;5624954;79722268;18287986
2022-03-19;5629814;79733147;18548225
2022-03-20;5633928;79744598;18680017
2022-03-21;5634829;79786872;18772331
2022-03-22;5636054;79811434;18994411
2022-03-23;5636054;79852447;19278143
2022-03-24;5640305;79895441;19596530
2022-03-25;5647041;79941876;19893028
2022-03-26;5647041;79951310;20145054
2022-03-27;5650896;79963100;20256278
2022-03-28;5651553;80002070;20323779
2022-03-29;5654311;80026251;20561131
2022-03-30;5654311;80065433;20829608
2022-03-31;5659535;80111066;21357095
2022-04-01;5662073;80143284;21357039
2022-04-02;5665376;80155090;21553495
2022-04-03;5666215;80159845;21668677
2022-04-04;5666921;80188749;21668677
2022-04-05;5671144;80214352;21849074
2022-04-06;5683288;80255299;22265788
2022-04-07;5715504;80305934;22441051
2022-04-08;5719829;80380956;22591726
2022-04-09;5722596;80393668;22647197
2022-04-10;5722933;80403199;22677986
2022-04-11;5723214;80443540;22878428
2022-04-12;5723862;80479277;23017079
2022-04-13;5724611;80534663;23182447
2022-04-14;5725075;80585321;23339311
2022-04-15;5725476;80620763;23376879
2022-04-16;5726668;80633098;23416663
2022-04-17;5727668;80640602;23437145
2022-04-18;5727668;80701989;23459628
2022-04-19;5729270;80741248;23658211
2022-04-20;5730560;80810185;23844536
2022-04-21;5731635;80871880;24006254
2022-04-22;5731635;80961932;24141333
2022-04-23;5733428;80981661;24180512
2022-04-24;5733785;80995149;24200596
2022-04-25;5733925;81065351;24337394
2022-04-26;5735115;81110700;24337394
2022-04-27;5736579;81200714;24609159
2022-04-28;5737811;81278067;24710769
2022-04-29;5738769;81339256;24798067
2022-04-30;5739680;81363235;24809785
2022-05-01;5739680;81379937;24813817
2022-05-02;5740080;81474641;24927339
2022-05-03;5739680;81524230;25033970
2022-05-04;5739680;81636254;25130137
2022-05-05;5739680;81724803;25215210
2022-05-06;5739680;81853564;25287462
2022-05-07;5739680;81881384;25295950
2022-05-08;5739680;81887147;25299300
2022-05-09;5745652;82017157;25406868
2022-05-10;5745652;82087401;25503878
2022-05-11;5745652;82247584;25592839
2022-05-12;5745652;82361565;25661838
2022-05-13;5745652;82448938;25723697
2022-05-14;5745652;82465995;25729848
2022-05-15;5745652;82498105;25732153
2022-05-16;5752441;82676813;25818405
2022-05-17;5752441;82761403;25890456
2022-05-18;5752441;82965157;25949175
2022-05-19;5752441;83100311;25998085
2022-05-20;5752441;83249345;26040460
2022-05-21;5752441;83276275;26044283
2022-05-22;5752441;83295857;26045528
2022-05-23;5759773;83438314;26109965
2022-05-24;5759773;83521318;26159106
2022-05-25;5759773;83731367;26198811
2022-05-26;5759773;83876814;26200663
2022-05-27;5759773;83984777;26240639
2022-05-28;5759773;83997459;26243352
2022-05-29;5759773;84003227;26244107
2022-05-30;5772996;84064138;26305996
2022-05-31;5775977;84233920;26360953
2022-06-01;5779027;84460998;26409455
2022-06-02;5782405;84582387;26452148
2022-06-03;5782405;84739446;26493235
2022-06-04;5789401;84765602;26493235
2022-06-05;5791282;84780058;26496611
2022-06-06;5792317;84941188;26498361
2022-06-07;5797427;85026595;26583016
2022-06-08;5802672;85224597;26660652
2022-06-09;5802672;85366511;26738530
2022-06-10;5814866;85472828;26803867
2022-06-11;5821262;85506177;26803867
2022-06-12;5823844;85515529;26809245
2022-06-13;5823844;85666440;26915085
2022-06-14;5833738;85758512;27007429
2022-06-15;5843190;85941290;27096571
2022-06-16;5852596;86057735;27124689
